Date,Time,Task,Category,Notes
2025-04-16,08:00 AM,Exercise,Health,30 minutes of jogging
2025-04-16,09:00 AM,Breakfast,Health,Healthy meal
2025-04-16,10:00 AM,Work,Professional,Focus on project tasks
2025-04-16,01:00 PM,Lunch,Health,Light meal
2025-04-16,02:00 PM,Reading,Personal Development,Read a book on self-improvement
2025-04-16,04:00 PM,Relaxation,Personal,Take a short nap or meditate
2025-04-16,06:00 PM,Exercise,Health,Evening yoga session
2025-04-16,07:00 PM,Dinner,Health,Healthy dinner
2025-04-16,08:00 PM,Planning,Personal,Plan tasks for the next day2025-04-16,11:00 Pm,THINK FOR TOMMORROW,aIM,FOR FUTURE
